DonationID,DonorID,DonationDate,Quantity,Location
1,3,2021-01-21,435,BloodBank@Outram
2,2,2020-02-10,368,BloodBank@DhobyGhaut
3,9,2020-06-25,432,BloodBank@Woodlands
4,2,2022-03-07,387,BloodBank@DhobyGhaut
5,4,2020-07-23,443,BloodBank@Outram
6,6,2021-02-21,358,BloodBank@Woodlands
7,6,2022-10-09,359,BloodBank@Outram
8,6,2020-07-06,434,BloodBank@DhobyGhaut
9,3,2020-03-08,419,BloodBank@DhobyGhaut
10,6,2021-02-19,381,BloodBank@Outram
11,5,2022-12-22,355,BloodBank@DhobyGhaut
12,7,2022-07-10,410,BloodBank@WestgateTower
13,8,2020-10-28,441,BloodBank@DhobyGhaut
14,6,2021-10-16,433,BloodBank@DhobyGhaut
15,10,2023-01-21,356,BloodBank@Woodlands
16,9,2022-05-11,423,BloodBank@DhobyGhaut
17,1,2021-12-21,444,BloodBank@Woodlands
18,5,2020-11-04,383,BloodBank@DhobyGhaut
19,7,2021-01-06,366,BloodBank@Outram
20,10,2021-01-20,376,BloodBank@Outram
21,5,2021-08-13,401,BloodBank@Woodlands
22,4,2020-09-06,417,BloodBank@WestgateTower
23,10,2022-10-19,415,BloodBank@WestgateTower
24,2,2021-03-21,361,BloodBank@Outram
25,3,2021-12-26,368,BloodBank@Outram
26,4,2022-01-23,400,BloodBank@Outram
27,2,2020-09-01,363,BloodBank@WestgateTower
28,8,2021-09-27,404,BloodBank@WestgateTower
29,8,2022-12-04,399,BloodBank@WestgateTower
30,9,2023-03-06,423,BloodBank@WestgateTower
31,1,2022-06-09,400,BloodBank@WestgateTower
32,7,2020-07-24,410,BloodBank@DhobyGhaut
33,9,2020-04-02,442,BloodBank@Outram
34,9,2020-12-23,372,BloodBank@WestgateTower
35,7,2022-09-05,398,BloodBank@DhobyGhaut
36,8,2021-10-15,410,BloodBank@Woodlands
37,8,2022-07-16,393,BloodBank@WestgateTower
38,10,2021-02-04,408,BloodBank@Woodlands
39,5,2020-11-02,360,BloodBank@Outram
40,1,2021-10-07,350,BloodBank@Woodlands
41,8,2023-02-24,360,BloodBank@Outram
42,3,2021-01-16,411,BloodBank@Outram
43,2,2022-05-17,395,BloodBank@Outram
44,4,2020-11-29,425,BloodBank@DhobyGhaut
45,1,2020-07-04,350,BloodBank@WestgateTower
46,3,2022-07-05,395,BloodBank@WestgateTower
47,4,2020-04-05,361,BloodBank@DhobyGhaut
48,2,2023-02-14,435,BloodBank@DhobyGhaut
49,9,2022-04-25,390,BloodBank@Woodlands
50,1,2021-08-22,406,BloodBank@WestgateTower
51,8,2023-01-14,412,BloodBank@Woodlands
52,4,2022-01-04,427,BloodBank@WestgateTower
53,9,2021-08-04,418,BloodBank@Outram
54,9,2022-12-08,426,BloodBank@DhobyGhaut
55,4,2021-03-16,449,BloodBank@DhobyGhaut
56,1,2021-07-08,434,BloodBank@Woodlands
57,1,2020-02-29,399,BloodBank@Outram
58,8,2022-12-03,442,BloodBank@Outram
59,1,2020-03-25,350,BloodBank@DhobyGhaut
60,5,2022-06-10,379,BloodBank@Outram
61,6,2021-04-06,364,BloodBank@Outram
62,4,2022-12-17,437,BloodBank@DhobyGhaut
63,9,2021-08-15,383,BloodBank@Outram
64,9,2021-09-27,431,BloodBank@Woodlands
65,1,2020-11-26,373,BloodBank@Woodlands
66,4,2022-02-12,408,BloodBank@Woodlands
67,3,2020-09-23,446,BloodBank@Outram
68,8,2020-10-06,356,BloodBank@Woodlands
69,5,2022-09-14,412,BloodBank@DhobyGhaut
70,4,2020-04-23,370,BloodBank@Woodlands
71,9,2021-10-15,412,BloodBank@Outram
72,6,2022-05-08,446,BloodBank@WestgateTower
73,6,2021-09-15,443,BloodBank@Woodlands
74,5,2022-04-27,350,BloodBank@DhobyGhaut
75,7,2020-03-09,377,BloodBank@DhobyGhaut
76,2,2021-08-24,405,BloodBank@WestgateTower
77,6,2022-02-16,379,BloodBank@Outram
78,2,2022-11-10,431,BloodBank@DhobyGhaut
79,9,2021-04-03,378,BloodBank@Outram
80,8,2021-12-11,438,BloodBank@Outram
81,1,2020-08-17,374,BloodBank@DhobyGhaut
82,4,2022-09-01,443,BloodBank@Woodlands
83,6,2020-10-25,417,BloodBank@Woodlands
84,5,2023-01-29,413,BloodBank@Woodlands
85,2,2020-01-20,401,BloodBank@Woodlands
86,4,2020-12-19,406,BloodBank@DhobyGhaut
87,8,2021-06-16,445,BloodBank@WestgateTower
88,2,2022-12-18,413,BloodBank@Outram
89,2,2022-04-21,409,BloodBank@DhobyGhaut
90,2,2022-07-16,450,BloodBank@WestgateTower
91,1,2022-09-28,440,BloodBank@Woodlands
92,10,2020-05-30,371,BloodBank@Outram
93,2,2023-01-24,401,BloodBank@Woodlands
94,7,2020-11-06,416,BloodBank@Woodlands
95,7,2022-11-19,449,BloodBank@Woodlands
96,2,2021-08-11,408,BloodBank@Outram
97,4,2020-06-08,372,BloodBank@Outram
98,7,2022-11-21,391,BloodBank@DhobyGhaut
99,9,2022-05-07,381,BloodBank@Outram
100,3,2020-11-29,392,BloodBank@DhobyGhaut
101,2,2021-10-29,376,BloodBank@Outram
102,6,2021-04-03,353,BloodBank@WestgateTower
103,5,2022-07-18,356,BloodBank@Outram
104,9,2020-07-20,350,BloodBank@WestgateTower
105,9,2021-10-15,396,BloodBank@Outram
106,10,2021-12-25,440,BloodBank@Outram
107,5,2020-03-05,403,BloodBank@DhobyGhaut
108,8,2020-12-19,389,BloodBank@Woodlands
109,5,2022-05-18,435,BloodBank@Woodlands
110,10,2021-01-11,388,BloodBank@DhobyGhaut
111,1,2021-03-17,448,BloodBank@DhobyGhaut
112,6,2020-12-11,396,BloodBank@Woodlands
113,2,2022-11-18,365,BloodBank@WestgateTower
114,6,2020-06-28,416,BloodBank@WestgateTower
115,2,2020-05-07,444,BloodBank@Woodlands
116,3,2020-12-31,444,BloodBank@Outram
117,8,2021-07-03,364,BloodBank@WestgateTower
118,4,2020-09-27,355,BloodBank@Woodlands
119,4,2020-01-27,362,BloodBank@Outram
120,5,2020-10-23,366,BloodBank@WestgateTower
121,7,2020-09-30,415,BloodBank@DhobyGhaut
122,10,2021-01-11,369,BloodBank@Woodlands
123,4,2021-06-06,402,BloodBank@Woodlands
124,8,2021-10-23,417,BloodBank@Outram
125,8,2023-03-20,360,BloodBank@DhobyGhaut
126,2,2020-11-23,426,BloodBank@Woodlands
127,8,2020-03-04,372,BloodBank@DhobyGhaut
128,6,2020-04-17,373,BloodBank@Woodlands
129,1,2021-08-17,411,BloodBank@Outram
130,3,2020-05-15,376,BloodBank@DhobyGhaut
131,7,2021-08-18,377,BloodBank@Outram
132,9,2022-02-18,385,BloodBank@WestgateTower
133,10,2020-04-13,430,BloodBank@Woodlands
134,7,2021-01-25,421,BloodBank@Woodlands
135,6,2021-02-04,392,BloodBank@DhobyGhaut
136,10,2022-04-23,403,BloodBank@WestgateTower
137,1,2021-11-17,407,BloodBank@DhobyGhaut
138,4,2022-05-28,363,BloodBank@WestgateTower
139,4,2021-08-05,398,BloodBank@Woodlands
140,7,2021-01-22,363,BloodBank@Woodlands
141,2,2020-10-16,410,BloodBank@WestgateTower
142,6,2020-08-21,366,BloodBank@Woodlands
143,9,2020-07-26,446,BloodBank@DhobyGhaut
144,4,2020-11-06,447,BloodBank@Outram
145,4,2021-04-25,399,BloodBank@Outram
146,6,2020-11-27,393,BloodBank@WestgateTower
147,9,2021-09-10,368,BloodBank@DhobyGhaut
148,9,2022-02-22,446,BloodBank@WestgateTower
149,6,2020-02-22,352,BloodBank@Outram
150,9,2020-06-04,419,BloodBank@Woodlands
151,7,2021-05-14,379,BloodBank@WestgateTower
152,4,2021-11-19,374,BloodBank@Woodlands
153,10,2022-02-10,449,BloodBank@DhobyGhaut
154,5,2021-12-26,417,BloodBank@WestgateTower
155,6,2020-03-08,368,BloodBank@DhobyGhaut
156,10,2021-05-02,410,BloodBank@Woodlands
157,7,2021-01-07,419,BloodBank@Outram
158,7,2020-07-20,426,BloodBank@DhobyGhaut
159,3,2022-06-24,448,BloodBank@DhobyGhaut
160,2,2021-10-21,416,BloodBank@WestgateTower
161,1,2021-11-11,405,BloodBank@WestgateTower
162,4,2022-12-04,423,BloodBank@Woodlands
163,10,2021-06-04,409,BloodBank@DhobyGhaut
164,3,2022-04-07,380,BloodBank@WestgateTower
165,10,2022-07-23,400,BloodBank@DhobyGhaut
166,8,2020-04-24,371,BloodBank@Woodlands
167,1,2023-03-21,445,BloodBank@Outram
168,6,2020-01-26,411,BloodBank@Woodlands
169,3,2022-07-16,350,BloodBank@DhobyGhaut
170,5,2022-05-20,376,BloodBank@Woodlands
171,3,2020-03-24,399,BloodBank@DhobyGhaut
172,7,2021-08-20,357,BloodBank@WestgateTower
173,5,2022-05-20,361,BloodBank@Outram
174,10,2020-01-30,416,BloodBank@Outram
175,9,2023-02-13,364,BloodBank@Outram
176,1,2022-06-21,409,BloodBank@Woodlands
177,7,2022-12-05,377,BloodBank@WestgateTower
178,6,2022-07-03,375,BloodBank@Woodlands
179,1,2020-10-02,384,BloodBank@Outram
180,1,2022-01-10,382,BloodBank@DhobyGhaut
181,5,2020-09-26,441,BloodBank@Woodlands
182,8,2021-05-25,388,BloodBank@Outram
183,5,2022-11-22,400,BloodBank@Woodlands
184,4,2021-01-19,388,BloodBank@DhobyGhaut
185,3,2021-06-25,368,BloodBank@DhobyGhaut
186,5,2023-02-12,412,BloodBank@Woodlands
187,4,2022-01-16,388,BloodBank@WestgateTower
188,3,2021-12-25,436,BloodBank@WestgateTower
189,6,2020-03-25,379,BloodBank@DhobyGhaut
190,10,2021-09-11,414,BloodBank@Outram
191,10,2022-04-07,363,BloodBank@Outram
192,6,2023-02-28,362,BloodBank@Woodlands
193,8,2021-05-24,405,BloodBank@Woodlands
194,7,2023-02-08,358,BloodBank@Outram
195,5,2022-03-08,371,BloodBank@DhobyGhaut
196,4,2023-03-03,395,BloodBank@DhobyGhaut
197,2,2023-01-13,432,BloodBank@WestgateTower
198,3,2020-12-03,356,BloodBank@Outram
199,6,2021-03-06,442,BloodBank@WestgateTower
200,8,2020-08-18,360,BloodBank@DhobyGhaut
201,10,2022-10-19,448,BloodBank@WestgateTower
202,4,2022-06-11,373,BloodBank@WestgateTower
203,8,2021-11-03,392,BloodBank@Woodlands
204,7,2022-09-07,439,BloodBank@DhobyGhaut
205,6,2021-02-03,425,BloodBank@Woodlands
206,4,2021-05-29,361,BloodBank@WestgateTower
207,10,2021-12-10,435,BloodBank@WestgateTower
208,4,2020-02-19,359,BloodBank@WestgateTower
209,9,2021-12-26,374,BloodBank@Woodlands
210,10,2022-10-15,391,BloodBank@WestgateTower
211,4,2020-02-29,355,BloodBank@Outram
212,5,2022-11-09,381,BloodBank@WestgateTower
213,8,2023-03-16,354,BloodBank@Woodlands
214,10,2022-11-01,381,BloodBank@Woodlands
215,3,2020-11-10,439,BloodBank@DhobyGhaut
216,7,2020-08-25,393,BloodBank@Outram
217,8,2021-09-04,427,BloodBank@WestgateTower
218,4,2021-03-15,385,BloodBank@Woodlands
219,6,2023-02-24,395,BloodBank@Outram
220,9,2020-02-25,377,BloodBank@Woodlands
221,9,2022-10-30,398,BloodBank@Woodlands
222,10,2020-02-25,402,BloodBank@Woodlands
223,7,2022-04-29,394,BloodBank@Outram
224,10,2020-09-02,367,BloodBank@Outram
225,1,2020-09-07,371,BloodBank@Outram
226,9,2022-04-02,448,BloodBank@WestgateTower
227,9,2022-05-05,419,BloodBank@WestgateTower
228,1,2022-07-23,414,BloodBank@DhobyGhaut
229,5,2021-04-13,398,BloodBank@Woodlands
230,8,2020-04-13,356,BloodBank@Woodlands
231,10,2020-11-10,404,BloodBank@DhobyGhaut
232,2,2021-03-21,399,BloodBank@WestgateTower
233,9,2022-06-16,403,BloodBank@Outram
234,1,2021-07-01,386,BloodBank@Woodlands
235,4,2021-10-03,404,BloodBank@Outram
236,6,2022-07-10,438,BloodBank@Outram
237,8,2020-12-25,355,BloodBank@WestgateTower
238,5,2022-07-16,425,BloodBank@DhobyGhaut
239,6,2021-11-22,364,BloodBank@WestgateTower
240,7,2022-02-11,407,BloodBank@DhobyGhaut
241,1,2022-03-23,384,BloodBank@Woodlands
242,10,2022-12-23,378,BloodBank@Outram
243,10,2020-04-28,367,BloodBank@WestgateTower
244,4,2021-02-27,353,BloodBank@Woodlands
245,8,2021-01-30,362,BloodBank@DhobyGhaut
246,5,2021-07-25,374,BloodBank@DhobyGhaut
247,4,2021-12-10,449,BloodBank@Woodlands
248,6,2020-12-20,384,BloodBank@WestgateTower
249,1,2021-08-06,355,BloodBank@WestgateTower
250,9,2022-07-12,411,BloodBank@Woodlands
251,1,2022-03-22,408,BloodBank@DhobyGhaut
252,9,2022-04-20,446,BloodBank@WestgateTower
253,9,2020-09-11,424,BloodBank@Outram
254,7,2022-06-17,445,BloodBank@Outram
255,1,2020-08-07,430,BloodBank@Outram
256,2,2022-04-18,433,BloodBank@Outram
257,10,2021-07-15,368,BloodBank@Woodlands
258,3,2020-03-01,438,BloodBank@WestgateTower
259,9,2021-09-12,411,BloodBank@Woodlands
260,5,2022-11-22,356,BloodBank@Woodlands
261,5,2021-12-03,429,BloodBank@Woodlands
262,4,2021-11-12,389,BloodBank@Outram
263,7,2022-11-14,373,BloodBank@WestgateTower
264,3,2022-07-02,450,BloodBank@Outram
265,6,2022-07-26,384,BloodBank@WestgateTower
266,7,2022-08-19,448,BloodBank@DhobyGhaut
267,6,2022-04-23,440,BloodBank@DhobyGhaut
268,7,2020-10-06,443,BloodBank@WestgateTower
269,1,2021-08-17,377,BloodBank@WestgateTower
270,4,2021-04-03,371,BloodBank@Outram
271,7,2022-11-23,395,BloodBank@WestgateTower
272,2,2021-03-03,445,BloodBank@Woodlands
273,2,2023-02-14,447,BloodBank@DhobyGhaut
274,4,2022-09-30,449,BloodBank@WestgateTower
275,3,2022-11-10,369,BloodBank@Outram
276,5,2022-06-06,414,BloodBank@Woodlands
277,8,2022-05-02,414,BloodBank@Woodlands
278,9,2020-11-28,427,BloodBank@WestgateTower
279,7,2020-05-26,386,BloodBank@DhobyGhaut
280,10,2021-09-01,440,BloodBank@DhobyGhaut
281,5,2020-04-05,415,BloodBank@Outram
282,5,2020-05-30,417,BloodBank@Outram
283,10,2022-07-08,450,BloodBank@DhobyGhaut
284,8,2023-03-22,423,BloodBank@Outram
285,7,2022-08-16,438,BloodBank@DhobyGhaut
286,6,2021-12-05,426,BloodBank@DhobyGhaut
287,2,2021-03-11,444,BloodBank@Woodlands
288,6,2021-06-02,430,BloodBank@WestgateTower
289,8,2021-09-03,369,BloodBank@Outram
290,3,2021-10-29,383,BloodBank@WestgateTower
291,8,2022-11-22,395,BloodBank@WestgateTower
292,6,2020-07-15,357,BloodBank@Outram
293,3,2021-03-08,364,BloodBank@WestgateTower
294,7,2022-05-05,363,BloodBank@Woodlands
295,5,2021-09-29,376,BloodBank@Woodlands
296,9,2021-02-15,355,BloodBank@DhobyGhaut
297,2,2020-03-06,416,BloodBank@WestgateTower
298,6,2021-01-09,366,BloodBank@Outram
299,3,2020-05-12,397,BloodBank@Outram
300,6,2021-10-02,367,BloodBank@Woodlands
301,2,2022-11-05,415,BloodBank@Outram
302,6,2020-08-08,438,BloodBank@Woodlands
303,6,2021-10-03,433,BloodBank@Outram
304,9,2020-12-27,401,BloodBank@WestgateTower
305,2,2022-05-22,437,BloodBank@Outram
306,2,2020-12-26,377,BloodBank@DhobyGhaut
307,6,2020-07-08,352,BloodBank@Woodlands
308,4,2020-04-03,418,BloodBank@Outram
309,2,2022-05-11,406,BloodBank@Outram
310,2,2020-04-02,437,BloodBank@Woodlands
311,4,2021-01-12,366,BloodBank@Outram
312,3,2022-03-23,378,BloodBank@Outram
313,7,2021-01-08,392,BloodBank@DhobyGhaut
314,4,2020-02-19,361,BloodBank@WestgateTower
315,10,2022-01-19,439,BloodBank@Outram
316,8,2022-11-22,437,BloodBank@DhobyGhaut
317,7,2020-12-09,445,BloodBank@WestgateTower
318,7,2021-03-18,376,BloodBank@WestgateTower
319,2,2020-07-19,391,BloodBank@Woodlands
320,10,2022-12-21,421,BloodBank@DhobyGhaut
321,10,2020-07-23,357,BloodBank@WestgateTower
322,7,2020-02-27,419,BloodBank@DhobyGhaut
323,8,2020-10-31,388,BloodBank@Woodlands
324,10,2020-08-21,408,BloodBank@Woodlands
325,8,2020-11-13,364,BloodBank@WestgateTower
326,1,2020-08-25,374,BloodBank@Woodlands
327,5,2022-11-17,416,BloodBank@Woodlands
328,2,2020-10-22,358,BloodBank@Woodlands
329,8,2020-01-15,407,BloodBank@DhobyGhaut
330,8,2020-03-07,426,BloodBank@Outram
331,4,2022-07-27,363,BloodBank@Outram
332,5,2022-10-25,417,BloodBank@Woodlands
333,10,2021-12-13,414,BloodBank@Outram
334,4,2021-01-16,351,BloodBank@WestgateTower
335,4,2021-05-24,414,BloodBank@DhobyGhaut
336,2,2021-09-02,392,BloodBank@DhobyGhaut
337,3,2020-10-25,351,BloodBank@DhobyGhaut
338,10,2020-02-22,423,BloodBank@WestgateTower
339,3,2021-09-29,389,BloodBank@Woodlands
340,1,2022-11-05,361,BloodBank@DhobyGhaut
341,3,2020-04-01,351,BloodBank@WestgateTower
342,4,2021-04-15,358,BloodBank@DhobyGhaut
343,4,2022-09-08,447,BloodBank@Outram
344,1,2020-07-31,431,BloodBank@WestgateTower
345,5,2022-01-30,433,BloodBank@WestgateTower
346,9,2020-04-22,418,BloodBank@Woodlands
347,5,2022-12-16,398,BloodBank@Woodlands
348,2,2020-03-06,374,BloodBank@Woodlands
349,6,2022-12-18,400,BloodBank@WestgateTower
350,8,2021-10-10,369,BloodBank@DhobyGhaut
351,10,2020-07-26,374,BloodBank@WestgateTower
352,8,2022-08-30,443,BloodBank@DhobyGhaut
353,7,2020-05-29,420,BloodBank@Woodlands
354,3,2022-02-23,430,BloodBank@WestgateTower
355,2,2022-01-09,395,BloodBank@DhobyGhaut
356,1,2021-09-10,436,BloodBank@Outram
357,4,2020-12-07,404,BloodBank@Outram
358,4,2022-09-05,375,BloodBank@WestgateTower
359,3,2020-01-03,365,BloodBank@Outram
360,9,2020-07-01,448,BloodBank@WestgateTower
361,10,2020-11-27,432,BloodBank@Woodlands
362,6,2022-01-24,421,BloodBank@WestgateTower
363,4,2021-02-01,350,BloodBank@DhobyGhaut
364,4,2022-02-26,412,BloodBank@Outram
365,7,2021-04-12,385,BloodBank@DhobyGhaut
366,5,2022-12-29,428,BloodBank@Woodlands
367,3,2022-01-27,416,BloodBank@DhobyGhaut
368,4,2020-08-17,418,BloodBank@Woodlands
369,2,2020-10-17,423,BloodBank@DhobyGhaut
370,1,2022-01-08,425,BloodBank@WestgateTower
371,2,2022-09-17,391,BloodBank@Woodlands
372,9,2022-11-07,407,BloodBank@Outram
373,7,2023-01-17,418,BloodBank@Woodlands
374,2,2020-11-22,421,BloodBank@Woodlands
375,2,2022-04-04,407,BloodBank@WestgateTower
376,7,2022-03-28,377,BloodBank@WestgateTower
377,2,2023-02-10,410,BloodBank@Outram
378,5,2021-07-17,405,BloodBank@Outram
379,6,2020-02-26,429,BloodBank@Outram
380,7,2020-09-13,355,BloodBank@Woodlands
381,2,2022-05-13,447,BloodBank@Outram
382,1,2020-02-07,395,BloodBank@Outram
383,6,2022-01-08,390,BloodBank@Outram
384,4,2022-02-18,442,BloodBank@WestgateTower
385,10,2021-11-06,437,BloodBank@WestgateTower
386,3,2021-05-02,409,BloodBank@DhobyGhaut
387,7,2022-06-15,449,BloodBank@DhobyGhaut
388,5,2020-08-26,377,BloodBank@WestgateTower
389,7,2022-03-24,383,BloodBank@DhobyGhaut
390,6,2022-03-19,423,BloodBank@Outram
391,2,2020-09-14,400,BloodBank@Woodlands
392,3,2021-06-27,391,BloodBank@WestgateTower
393,10,2022-07-10,446,BloodBank@Woodlands
394,10,2022-07-05,399,BloodBank@WestgateTower
395,2,2021-09-14,412,BloodBank@Outram
396,2,2022-05-31,371,BloodBank@DhobyGhaut
397,2,2020-02-21,389,BloodBank@Woodlands
398,7,2021-06-23,443,BloodBank@WestgateTower
399,6,2021-11-30,406,BloodBank@Outram
400,4,2022-03-09,428,BloodBank@WestgateTower
401,10,2021-12-23,432,BloodBank@WestgateTower
402,7,2020-04-01,361,BloodBank@WestgateTower
403,10,2020-06-23,391,BloodBank@Outram
404,2,2021-01-01,445,BloodBank@WestgateTower
405,6,2020-06-27,435,BloodBank@DhobyGhaut
406,10,2022-05-24,355,BloodBank@WestgateTower
407,8,2021-10-29,440,BloodBank@Woodlands
408,7,2021-10-31,367,BloodBank@DhobyGhaut
409,4,2020-01-24,373,BloodBank@WestgateTower
410,4,2021-08-18,424,BloodBank@Woodlands
411,2,2021-04-27,417,BloodBank@Outram
412,10,2020-04-29,391,BloodBank@Woodlands
413,5,2021-01-04,445,BloodBank@WestgateTower
414,10,2023-03-16,403,BloodBank@WestgateTower
415,10,2023-02-12,432,BloodBank@Outram
416,1,2021-10-23,408,BloodBank@Woodlands
417,10,2020-11-09,397,BloodBank@Woodlands
418,1,2022-07-24,361,BloodBank@DhobyGhaut
419,8,2021-09-03,443,BloodBank@WestgateTower
420,10,2020-07-26,427,BloodBank@Woodlands
421,10,2022-04-04,364,BloodBank@DhobyGhaut
422,10,2022-04-04,427,BloodBank@Outram
423,6,2020-07-10,443,BloodBank@WestgateTower
424,10,2021-05-19,420,BloodBank@WestgateTower
425,1,2022-04-16,433,BloodBank@WestgateTower
426,3,2020-02-29,428,BloodBank@Woodlands
427,9,2021-02-21,350,BloodBank@WestgateTower
428,2,2022-12-01,439,BloodBank@DhobyGhaut
429,3,2022-06-01,402,BloodBank@WestgateTower
430,4,2020-10-22,409,BloodBank@DhobyGhaut
431,6,2021-07-07,431,BloodBank@Outram
432,4,2022-09-09,397,BloodBank@Woodlands
433,4,2021-09-12,445,BloodBank@WestgateTower
434,6,2021-01-08,398,BloodBank@Outram
435,8,2022-09-04,359,BloodBank@WestgateTower
436,5,2021-10-26,425,BloodBank@WestgateTower
437,2,2022-12-17,437,BloodBank@WestgateTower
438,6,2021-01-06,440,BloodBank@DhobyGhaut
439,1,2021-09-11,380,BloodBank@Outram
440,1,2020-11-30,382,BloodBank@WestgateTower
441,8,2021-07-31,379,BloodBank@WestgateTower
442,1,2020-02-04,448,BloodBank@Woodlands
443,3,2021-01-27,386,BloodBank@WestgateTower
444,1,2023-01-28,358,BloodBank@Outram
445,1,2022-08-18,369,BloodBank@Woodlands
446,7,2020-06-26,403,BloodBank@Woodlands
447,2,2022-09-14,350,BloodBank@DhobyGhaut
448,8,2023-01-21,411,BloodBank@WestgateTower
449,4,2020-10-31,377,BloodBank@Outram
450,5,2022-02-14,357,BloodBank@WestgateTower
451,1,2021-05-07,394,BloodBank@WestgateTower
452,7,2022-05-04,364,BloodBank@WestgateTower
453,10,2022-02-27,446,BloodBank@WestgateTower
454,9,2020-05-10,413,BloodBank@Woodlands
455,2,2022-06-15,409,BloodBank@DhobyGhaut
456,9,2022-02-28,394,BloodBank@Outram
457,4,2020-10-04,415,BloodBank@Outram
458,7,2020-08-06,445,BloodBank@Outram
459,4,2022-04-29,378,BloodBank@DhobyGhaut
460,3,2022-11-07,411,BloodBank@Woodlands
461,9,2022-08-29,412,BloodBank@Woodlands
462,3,2022-08-06,360,BloodBank@DhobyGhaut
463,4,2022-05-06,390,BloodBank@Woodlands
464,9,2020-06-21,422,BloodBank@DhobyGhaut
465,5,2021-04-29,393,BloodBank@Outram
466,5,2022-09-07,409,BloodBank@WestgateTower
467,7,2022-06-03,364,BloodBank@Outram
468,3,2020-04-22,410,BloodBank@Woodlands
469,3,2021-03-04,354,BloodBank@WestgateTower
470,4,2021-01-02,395,BloodBank@DhobyGhaut
471,2,2022-03-16,373,BloodBank@WestgateTower
472,1,2020-12-02,415,BloodBank@Woodlands
473,7,2020-05-19,350,BloodBank@WestgateTower
474,10,2021-09-02,378,BloodBank@WestgateTower
475,5,2021-09-10,447,BloodBank@Woodlands
476,1,2021-04-02,387,BloodBank@DhobyGhaut
477,6,2020-12-31,351,BloodBank@WestgateTower
478,3,2022-09-04,374,BloodBank@Woodlands
479,8,2020-02-01,410,BloodBank@DhobyGhaut
480,3,2021-02-28,399,BloodBank@DhobyGhaut
481,5,2020-09-12,368,BloodBank@WestgateTower
482,3,2021-05-10,384,BloodBank@WestgateTower
483,9,2022-08-22,374,BloodBank@Outram
484,7,2020-05-28,365,BloodBank@Woodlands
485,7,2021-10-15,429,BloodBank@Woodlands
486,3,2023-03-17,362,BloodBank@Outram
487,7,2022-05-22,430,BloodBank@Woodlands
488,3,2022-09-28,405,BloodBank@WestgateTower
489,9,2022-01-27,404,BloodBank@DhobyGhaut
490,6,2020-01-12,449,BloodBank@Outram
491,3,2020-05-18,423,BloodBank@Woodlands
492,6,2021-05-30,375,BloodBank@DhobyGhaut
493,2,2020-08-20,404,BloodBank@WestgateTower
494,3,2020-04-16,367,BloodBank@DhobyGhaut
495,4,2021-09-09,431,BloodBank@Woodlands
496,4,2020-02-20,376,BloodBank@Outram
497,4,2022-06-17,444,BloodBank@WestgateTower
498,6,2022-07-27,448,BloodBank@WestgateTower
499,1,2020-10-13,407,BloodBank@Outram
500,4,2020-01-28,355,BloodBank@WestgateTower
501,10,2021-01-04,351,BloodBank@DhobyGhaut
502,7,2021-04-12,438,BloodBank@Outram
503,4,2023-01-16,374,BloodBank@Woodlands
504,3,2022-02-28,373,BloodBank@Outram
505,10,2021-10-17,449,BloodBank@WestgateTower
506,9,2021-06-05,369,BloodBank@WestgateTower
507,1,2021-11-19,438,BloodBank@Woodlands
508,5,2020-06-14,372,BloodBank@WestgateTower
509,4,2022-11-10,361,BloodBank@DhobyGhaut
510,10,2022-03-31,444,BloodBank@DhobyGhaut
511,3,2020-03-10,387,BloodBank@Outram
512,8,2021-01-29,445,BloodBank@WestgateTower
513,9,2021-05-23,377,BloodBank@DhobyGhaut
514,3,2020-01-29,354,BloodBank@Woodlands
515,7,2022-06-11,413,BloodBank@Woodlands
516,9,2022-09-12,362,BloodBank@Woodlands
517,4,2021-02-15,366,BloodBank@Woodlands
518,3,2022-06-15,385,BloodBank@WestgateTower
519,4,2020-02-14,350,BloodBank@DhobyGhaut
520,7,2022-09-17,444,BloodBank@Outram
521,5,2021-03-03,417,BloodBank@DhobyGhaut
522,9,2022-06-23,446,BloodBank@DhobyGhaut
523,3,2022-04-12,449,BloodBank@DhobyGhaut
524,9,2021-10-08,428,BloodBank@WestgateTower
525,6,2021-07-03,449,BloodBank@WestgateTower
526,8,2020-02-13,372,BloodBank@DhobyGhaut
527,2,2021-07-09,392,BloodBank@Woodlands
528,5,2021-03-17,352,BloodBank@Outram
529,4,2023-02-02,417,BloodBank@Woodlands
530,8,2022-03-07,432,BloodBank@Outram
531,6,2022-07-18,354,BloodBank@Woodlands
532,4,2022-12-13,379,BloodBank@DhobyGhaut
533,8,2022-05-15,413,BloodBank@Outram
534,2,2020-01-21,415,BloodBank@DhobyGhaut
535,10,2020-08-02,352,BloodBank@Woodlands
536,7,2022-10-06,425,BloodBank@DhobyGhaut
537,5,2020-03-27,379,BloodBank@Woodlands
538,8,2023-03-23,384,BloodBank@WestgateTower
539,6,2020-02-15,369,BloodBank@DhobyGhaut
540,6,2021-02-05,445,BloodBank@Woodlands
541,2,2020-01-16,365,BloodBank@Outram
542,1,2023-01-07,426,BloodBank@Outram
543,6,2021-04-25,416,BloodBank@Woodlands
544,10,2022-04-30,396,BloodBank@Outram
545,4,2022-02-24,392,BloodBank@DhobyGhaut
546,7,2021-08-21,438,BloodBank@Woodlands
547,1,2022-11-03,399,BloodBank@Woodlands
548,7,2023-01-16,398,BloodBank@DhobyGhaut
549,6,2022-08-25,360,BloodBank@WestgateTower
550,6,2023-01-26,443,BloodBank@Outram
551,8,2021-04-24,377,BloodBank@WestgateTower
552,8,2021-06-20,447,BloodBank@WestgateTower
553,9,2020-08-11,444,BloodBank@WestgateTower
554,3,2020-05-22,422,BloodBank@WestgateTower
555,2,2020-05-31,374,BloodBank@WestgateTower
556,4,2023-02-02,372,BloodBank@WestgateTower
557,3,2020-04-12,385,BloodBank@WestgateTower
558,8,2021-10-23,358,BloodBank@DhobyGhaut
559,8,2022-12-10,419,BloodBank@Outram
560,5,2021-10-09,392,BloodBank@Outram
561,7,2021-09-12,365,BloodBank@DhobyGhaut
562,1,2023-03-24,417,BloodBank@Woodlands
563,5,2022-12-09,360,BloodBank@DhobyGhaut
564,1,2021-03-31,434,BloodBank@DhobyGhaut
565,4,2020-03-23,382,BloodBank@DhobyGhaut
566,9,2020-04-08,402,BloodBank@Woodlands
567,8,2020-02-03,357,BloodBank@DhobyGhaut
568,6,2021-11-18,403,BloodBank@WestgateTower
569,1,2022-01-06,383,BloodBank@DhobyGhaut
570,4,2022-11-05,368,BloodBank@WestgateTower
571,10,2023-01-24,404,BloodBank@WestgateTower
572,9,2021-09-08,442,BloodBank@WestgateTower
573,5,2022-11-18,437,BloodBank@DhobyGhaut
574,3,2021-02-01,362,BloodBank@WestgateTower
575,10,2020-04-09,354,BloodBank@Outram
576,2,2020-10-15,422,BloodBank@WestgateTower
577,7,2020-07-31,408,BloodBank@DhobyGhaut
578,4,2020-02-19,383,BloodBank@Woodlands
579,8,2020-01-17,363,BloodBank@WestgateTower
580,10,2021-09-20,378,BloodBank@Woodlands
581,4,2022-07-28,444,BloodBank@Outram
582,9,2020-05-02,405,BloodBank@WestgateTower
583,1,2022-01-12,358,BloodBank@Woodlands
584,9,2021-02-10,431,BloodBank@Outram
585,7,2022-06-13,431,BloodBank@Woodlands
586,1,2021-02-07,367,BloodBank@Outram
587,5,2020-05-15,431,BloodBank@Woodlands
588,9,2021-06-08,398,BloodBank@DhobyGhaut
589,9,2022-12-26,396,BloodBank@Outram
590,10,2023-03-13,427,BloodBank@WestgateTower
591,2,2020-11-04,364,BloodBank@Outram
592,6,2021-02-19,407,BloodBank@DhobyGhaut
593,9,2022-08-18,421,BloodBank@Woodlands
594,8,2021-03-24,402,BloodBank@Woodlands
595,3,2020-02-06,365,BloodBank@Woodlands
596,4,2022-05-28,424,BloodBank@Outram
597,1,2020-05-25,437,BloodBank@DhobyGhaut
598,2,2020-04-30,352,BloodBank@Outram
599,5,2021-09-26,368,BloodBank@Outram
600,1,2022-01-31,410,BloodBank@Outram
601,6,2021-01-06,408,BloodBank@Outram
602,5,2021-09-25,442,BloodBank@WestgateTower
603,2,2022-04-11,354,BloodBank@Outram
604,9,2020-10-27,369,BloodBank@Outram
605,8,2021-12-12,390,BloodBank@Outram
606,4,2023-02-01,362,BloodBank@WestgateTower
607,4,2022-06-27,352,BloodBank@Outram
608,8,2021-11-01,387,BloodBank@DhobyGhaut
609,9,2020-03-14,416,BloodBank@Outram
610,9,2022-03-08,440,BloodBank@Woodlands
611,1,2020-12-02,415,BloodBank@WestgateTower
612,5,2022-10-21,359,BloodBank@DhobyGhaut
613,7,2020-02-06,399,BloodBank@WestgateTower
614,6,2021-05-31,357,BloodBank@DhobyGhaut
615,8,2021-02-20,384,BloodBank@WestgateTower
616,9,2020-12-30,426,BloodBank@WestgateTower
617,10,2022-07-21,411,BloodBank@DhobyGhaut
618,8,2021-03-15,393,BloodBank@WestgateTower
619,7,2020-09-15,355,BloodBank@WestgateTower
620,2,2020-10-01,369,BloodBank@DhobyGhaut
621,10,2021-05-25,420,BloodBank@DhobyGhaut
622,9,2020-04-17,449,BloodBank@Woodlands
623,1,2020-05-17,410,BloodBank@Woodlands
624,3,2022-05-06,374,BloodBank@WestgateTower
625,8,2021-09-28,429,BloodBank@DhobyGhaut
626,3,2020-02-12,378,BloodBank@Outram
627,4,2020-01-23,371,BloodBank@WestgateTower
628,5,2020-10-19,436,BloodBank@Outram
629,10,2020-09-09,425,BloodBank@Woodlands
630,6,2022-06-17,436,BloodBank@Outram
631,9,2021-06-27,429,BloodBank@Woodlands
632,10,2020-03-07,408,BloodBank@Outram
633,3,2022-11-26,380,BloodBank@Outram
634,8,2020-08-18,409,BloodBank@DhobyGhaut
635,10,2023-02-27,443,BloodBank@Outram
636,1,2020-12-01,408,BloodBank@WestgateTower
637,3,2022-09-15,401,BloodBank@Woodlands
638,10,2022-05-17,421,BloodBank@Outram
639,3,2020-03-24,367,BloodBank@WestgateTower
640,1,2021-05-11,392,BloodBank@DhobyGhaut
641,9,2021-05-25,434,BloodBank@WestgateTower
642,3,2020-10-30,440,BloodBank@Woodlands
643,8,2021-05-28,350,BloodBank@WestgateTower
644,7,2020-10-26,417,BloodBank@DhobyGhaut
645,2,2020-09-21,402,BloodBank@Woodlands
646,5,2022-04-15,356,BloodBank@WestgateTower
647,10,2021-04-18,407,BloodBank@Outram
648,4,2022-07-16,407,BloodBank@WestgateTower
649,6,2022-11-28,425,BloodBank@Outram
650,7,2020-05-12,351,BloodBank@Outram
651,5,2022-08-21,394,BloodBank@Outram
652,6,2021-09-14,444,BloodBank@WestgateTower
653,7,2021-11-10,420,BloodBank@Outram
654,3,2022-10-19,441,BloodBank@WestgateTower
655,2,2020-01-26,352,BloodBank@DhobyGhaut
656,10,2020-09-29,450,BloodBank@WestgateTower
657,5,2020-12-26,375,BloodBank@WestgateTower
658,7,2023-01-29,371,BloodBank@WestgateTower
659,7,2021-12-05,353,BloodBank@DhobyGhaut
660,9,2021-09-19,445,BloodBank@Outram
661,3,2022-08-01,391,BloodBank@Woodlands
662,9,2022-08-24,417,BloodBank@Woodlands
663,8,2020-07-20,434,BloodBank@Woodlands
664,2,2022-04-09,424,BloodBank@DhobyGhaut
665,3,2021-06-01,388,BloodBank@Woodlands
666,6,2020-01-03,394,BloodBank@Woodlands
667,1,2023-02-19,352,BloodBank@WestgateTower
668,2,2022-11-15,371,BloodBank@Outram
669,10,2020-06-21,359,BloodBank@Outram
670,2,2020-02-12,436,BloodBank@Outram
671,3,2022-03-24,444,BloodBank@Woodlands
672,7,2020-10-19,424,BloodBank@Outram
673,2,2021-09-21,422,BloodBank@DhobyGhaut
674,9,2020-06-12,362,BloodBank@Outram
675,8,2020-12-15,395,BloodBank@DhobyGhaut
676,1,2022-11-11,449,BloodBank@DhobyGhaut
677,7,2022-08-05,358,BloodBank@DhobyGhaut
678,1,2023-01-07,434,BloodBank@Outram
679,9,2023-02-06,435,BloodBank@WestgateTower
680,10,2023-03-01,445,BloodBank@WestgateTower
681,1,2022-01-08,374,BloodBank@Outram
682,1,2021-07-04,429,BloodBank@Outram
683,1,2022-04-29,413,BloodBank@Outram
684,9,2021-06-19,386,BloodBank@Woodlands
685,5,2020-05-31,384,BloodBank@Outram
686,10,2020-10-09,360,BloodBank@Outram
687,6,2022-03-12,433,BloodBank@DhobyGhaut
688,4,2022-04-10,377,BloodBank@WestgateTower
689,3,2022-04-30,403,BloodBank@WestgateTower
690,5,2022-11-28,356,BloodBank@DhobyGhaut
691,10,2021-09-09,400,BloodBank@Outram
692,9,2020-01-29,377,BloodBank@DhobyGhaut
693,8,2021-01-24,450,BloodBank@DhobyGhaut
694,1,2022-10-25,450,BloodBank@Outram
695,9,2022-04-14,367,BloodBank@WestgateTower
696,8,2023-02-05,431,BloodBank@WestgateTower
697,4,2020-09-02,369,BloodBank@Outram
698,1,2021-07-30,369,BloodBank@DhobyGhaut
699,8,2021-03-21,378,BloodBank@WestgateTower
700,9,2021-11-03,392,BloodBank@DhobyGhaut
701,4,2020-01-10,416,BloodBank@WestgateTower
702,6,2020-02-12,354,BloodBank@Woodlands
703,10,2020-04-04,406,BloodBank@WestgateTower
704,3,2020-06-22,355,BloodBank@Woodlands
705,2,2021-10-15,418,BloodBank@DhobyGhaut
706,3,2020-06-18,373,BloodBank@WestgateTower
707,6,2021-07-23,448,BloodBank@Woodlands
708,5,2020-01-01,420,BloodBank@WestgateTower
709,5,2021-12-19,401,BloodBank@WestgateTower
710,4,2020-02-08,435,BloodBank@Outram
711,6,2021-07-06,369,BloodBank@Woodlands
712,2,2020-08-05,391,BloodBank@Woodlands
713,7,2021-06-13,395,BloodBank@Woodlands
714,3,2020-07-24,367,BloodBank@Woodlands
715,1,2020-03-12,421,BloodBank@Outram
716,8,2023-01-02,434,BloodBank@DhobyGhaut
717,2,2022-01-05,428,BloodBank@WestgateTower
718,9,2020-07-18,450,BloodBank@DhobyGhaut
719,6,2022-07-18,378,BloodBank@DhobyGhaut
720,5,2022-01-11,445,BloodBank@WestgateTower
721,9,2021-01-21,387,BloodBank@WestgateTower
722,10,2022-08-12,411,BloodBank@WestgateTower
723,1,2022-01-20,356,BloodBank@DhobyGhaut
724,3,2023-02-13,389,BloodBank@Woodlands
725,8,2020-03-13,426,BloodBank@Outram
726,1,2021-04-27,380,BloodBank@Woodlands
727,10,2021-12-01,441,BloodBank@DhobyGhaut
728,10,2020-01-19,381,BloodBank@DhobyGhaut
729,3,2020-04-14,373,BloodBank@DhobyGhaut
730,4,2020-03-08,427,BloodBank@WestgateTower
731,4,2020-01-06,371,BloodBank@Woodlands
732,8,2021-07-11,424,BloodBank@Woodlands
733,2,2022-07-05,407,BloodBank@WestgateTower
734,9,2021-12-02,385,BloodBank@Woodlands
735,7,2022-03-01,379,BloodBank@DhobyGhaut
736,5,2021-12-18,421,BloodBank@Outram
737,6,2020-04-24,387,BloodBank@WestgateTower
738,3,2022-02-14,440,BloodBank@Outram
739,6,2022-12-16,377,BloodBank@WestgateTower
740,5,2022-09-15,360,BloodBank@Outram
741,6,2022-03-21,388,BloodBank@WestgateTower
742,2,2022-11-27,440,BloodBank@Woodlands
743,6,2020-05-04,399,BloodBank@WestgateTower
744,1,2021-01-19,386,BloodBank@Outram
745,4,2022-10-22,386,BloodBank@WestgateTower
746,8,2020-05-17,412,BloodBank@DhobyGhaut
747,1,2022-05-30,415,BloodBank@WestgateTower
748,5,2022-02-10,381,BloodBank@DhobyGhaut
749,4,2020-04-12,436,BloodBank@Outram
750,10,2020-11-12,382,BloodBank@WestgateTower
751,5,2022-03-05,353,BloodBank@Woodlands
752,4,2023-01-10,356,BloodBank@WestgateTower
753,2,2020-04-28,420,BloodBank@WestgateTower
754,6,2022-07-08,373,BloodBank@Woodlands
755,2,2022-05-24,372,BloodBank@Outram
756,1,2023-02-26,411,BloodBank@DhobyGhaut
757,8,2022-11-24,400,BloodBank@Woodlands
758,1,2020-03-27,405,BloodBank@Woodlands
759,7,2022-12-11,441,BloodBank@Outram
760,10,2021-11-14,440,BloodBank@Outram
761,9,2020-04-05,438,BloodBank@Woodlands
762,5,2020-12-19,449,BloodBank@Outram
763,1,2020-10-11,423,BloodBank@Woodlands
764,6,2021-01-02,393,BloodBank@Woodlands
765,4,2022-07-12,417,BloodBank@DhobyGhaut
766,8,2020-10-18,448,BloodBank@Outram
767,7,2020-06-19,412,BloodBank@Woodlands
768,5,2021-12-14,408,BloodBank@DhobyGhaut
769,9,2022-10-15,388,BloodBank@Outram
770,4,2020-02-13,450,BloodBank@Outram
771,7,2023-02-06,396,BloodBank@WestgateTower
772,6,2020-07-25,392,BloodBank@Woodlands
773,10,2020-11-12,377,BloodBank@Woodlands
774,4,2022-11-17,432,BloodBank@DhobyGhaut
775,3,2020-09-05,360,BloodBank@Woodlands
776,6,2022-02-14,383,BloodBank@WestgateTower
777,9,2021-08-16,356,BloodBank@Outram
778,9,2020-11-07,433,BloodBank@WestgateTower
779,9,2021-03-17,449,BloodBank@WestgateTower
780,9,2020-06-02,441,BloodBank@Woodlands
781,3,2020-10-19,424,BloodBank@WestgateTower
782,4,2021-01-28,432,BloodBank@Woodlands
783,5,2020-09-20,429,BloodBank@Outram
784,6,2021-11-21,424,BloodBank@DhobyGhaut
785,2,2022-06-27,354,BloodBank@Woodlands
786,6,2020-03-10,435,BloodBank@Woodlands
787,8,2022-12-15,381,BloodBank@DhobyGhaut
788,3,2021-08-05,446,BloodBank@DhobyGhaut
789,6,2020-08-22,399,BloodBank@Woodlands
790,7,2020-04-01,449,BloodBank@DhobyGhaut
791,5,2020-03-05,411,BloodBank@WestgateTower
792,1,2021-06-01,414,BloodBank@DhobyGhaut
793,6,2022-07-05,372,BloodBank@Woodlands
794,10,2022-02-01,398,BloodBank@Outram
795,5,2020-12-23,394,BloodBank@Outram
796,9,2022-06-20,442,BloodBank@WestgateTower
797,8,2020-07-05,396,BloodBank@Outram
798,3,2020-08-11,372,BloodBank@WestgateTower
799,5,2020-10-20,390,BloodBank@Woodlands
800,2,2021-12-14,405,BloodBank@Outram
801,2,2022-06-28,363,BloodBank@DhobyGhaut
802,3,2021-01-03,402,BloodBank@Outram
803,9,2020-05-19,394,BloodBank@Outram
804,5,2020-10-08,431,BloodBank@DhobyGhaut
805,7,2020-09-13,416,BloodBank@Woodlands
806,3,2020-09-19,408,BloodBank@DhobyGhaut
807,2,2022-01-27,358,BloodBank@Woodlands
808,9,2022-09-02,368,BloodBank@WestgateTower
809,7,2020-11-12,367,BloodBank@WestgateTower
810,2,2021-04-01,432,BloodBank@Woodlands
811,1,2020-03-07,360,BloodBank@Woodlands
812,9,2021-05-03,405,BloodBank@DhobyGhaut
813,4,2023-01-23,387,BloodBank@Woodlands
814,6,2021-04-29,364,BloodBank@Outram
815,2,2022-11-18,416,BloodBank@Woodlands
816,10,2022-07-29,412,BloodBank@Outram
817,2,2020-03-30,353,BloodBank@DhobyGhaut
818,6,2022-07-16,411,BloodBank@Outram
819,2,2021-12-29,387,BloodBank@WestgateTower
820,1,2022-11-28,435,BloodBank@Woodlands
821,6,2020-09-21,394,BloodBank@WestgateTower
822,3,2022-05-13,368,BloodBank@Outram
823,10,2022-06-09,372,BloodBank@Woodlands
824,1,2020-05-05,367,BloodBank@DhobyGhaut
825,6,2020-11-17,437,BloodBank@DhobyGhaut
826,10,2021-04-18,401,BloodBank@WestgateTower
827,2,2021-12-31,367,BloodBank@Outram
828,7,2021-11-08,405,BloodBank@DhobyGhaut
829,8,2023-01-07,427,BloodBank@DhobyGhaut
830,1,2022-10-27,408,BloodBank@Woodlands
831,7,2022-06-27,357,BloodBank@Outram
832,10,2020-04-01,414,BloodBank@DhobyGhaut
833,5,2021-10-01,378,BloodBank@Outram
834,7,2020-10-20,364,BloodBank@Outram
835,4,2023-03-08,410,BloodBank@DhobyGhaut
836,8,2021-07-07,359,BloodBank@Outram
837,2,2021-11-13,417,BloodBank@DhobyGhaut
838,8,2020-11-25,393,BloodBank@Outram
839,2,2022-05-22,411,BloodBank@DhobyGhaut
840,5,2022-06-28,366,BloodBank@DhobyGhaut
841,1,2021-06-17,360,BloodBank@Outram
842,10,2022-10-03,427,BloodBank@Woodlands
843,1,2020-09-26,422,BloodBank@WestgateTower
844,7,2020-09-22,420,BloodBank@Woodlands
845,9,2020-06-18,439,BloodBank@Outram
846,10,2022-01-01,412,BloodBank@DhobyGhaut
847,5,2020-06-07,367,BloodBank@Woodlands
848,10,2021-07-06,383,BloodBank@Woodlands
849,4,2021-12-13,409,BloodBank@DhobyGhaut
850,6,2022-02-08,377,BloodBank@Outram
851,6,2020-05-21,352,BloodBank@Woodlands
852,2,2020-11-06,353,BloodBank@Outram
853,6,2022-07-07,426,BloodBank@Woodlands
854,5,2021-12-20,359,BloodBank@Woodlands
855,8,2021-05-13,431,BloodBank@WestgateTower
856,7,2020-10-05,393,BloodBank@Woodlands
857,1,2022-06-13,389,BloodBank@DhobyGhaut
858,4,2021-02-17,430,BloodBank@WestgateTower
859,2,2022-08-16,378,BloodBank@Woodlands
860,10,2020-08-28,410,BloodBank@DhobyGhaut
861,10,2021-11-19,422,BloodBank@WestgateTower
862,10,2023-02-21,447,BloodBank@WestgateTower
863,4,2021-12-08,396,BloodBank@DhobyGhaut
864,8,2021-08-21,396,BloodBank@Outram
865,2,2021-01-17,443,BloodBank@Outram
866,3,2021-09-11,431,BloodBank@Outram
867,10,2020-10-24,403,BloodBank@DhobyGhaut
868,7,2023-03-22,382,BloodBank@WestgateTower
869,3,2022-12-26,351,BloodBank@Outram
870,9,2021-10-29,419,BloodBank@Woodlands
871,1,2022-08-18,385,BloodBank@WestgateTower
872,3,2020-06-10,384,BloodBank@DhobyGhaut
873,5,2021-10-07,412,BloodBank@Woodlands
874,6,2020-08-19,392,BloodBank@Woodlands
875,8,2020-10-23,442,BloodBank@WestgateTower
876,3,2020-11-12,425,BloodBank@DhobyGhaut
877,10,2020-11-21,429,BloodBank@Woodlands
878,5,2020-09-30,358,BloodBank@WestgateTower
879,3,2021-12-17,425,BloodBank@Woodlands
880,10,2020-07-06,366,BloodBank@DhobyGhaut
881,2,2020-09-18,433,BloodBank@DhobyGhaut
882,5,2023-01-02,374,BloodBank@WestgateTower
883,8,2020-08-25,433,BloodBank@DhobyGhaut
884,5,2022-04-12,373,BloodBank@Woodlands
885,2,2022-09-02,398,BloodBank@DhobyGhaut
886,8,2022-03-06,397,BloodBank@Woodlands
887,8,2021-12-23,432,BloodBank@WestgateTower
888,5,2023-02-04,355,BloodBank@DhobyGhaut
889,2,2020-10-23,388,BloodBank@Outram
890,5,2022-02-11,384,BloodBank@Outram
891,7,2023-01-31,384,BloodBank@DhobyGhaut
892,5,2021-10-20,383,BloodBank@Outram
893,4,2020-01-22,442,BloodBank@Outram
894,3,2020-08-07,394,BloodBank@WestgateTower
895,4,2020-11-25,439,BloodBank@WestgateTower
896,8,2020-07-25,361,BloodBank@DhobyGhaut
897,9,2020-06-09,375,BloodBank@DhobyGhaut
898,1,2020-05-21,374,BloodBank@Woodlands
899,9,2020-05-13,386,BloodBank@WestgateTower
900,6,2021-01-12,443,BloodBank@WestgateTower
901,1,2020-07-06,404,BloodBank@DhobyGhaut
902,3,2021-01-28,356,BloodBank@Outram
903,5,2021-10-13,430,BloodBank@Woodlands
904,7,2021-07-04,376,BloodBank@Outram
905,6,2020-02-02,370,BloodBank@DhobyGhaut
906,8,2021-09-20,438,BloodBank@WestgateTower
907,9,2021-02-11,365,BloodBank@WestgateTower
908,1,2023-01-12,407,BloodBank@WestgateTower
909,1,2022-05-27,381,BloodBank@DhobyGhaut
910,5,2020-03-01,388,BloodBank@WestgateTower
911,6,2022-01-24,398,BloodBank@DhobyGhaut
912,7,2021-05-07,362,BloodBank@WestgateTower
913,6,2021-04-30,429,BloodBank@WestgateTower
914,7,2020-07-13,422,BloodBank@WestgateTower
915,3,2023-02-26,382,BloodBank@Woodlands
916,6,2021-09-07,363,BloodBank@DhobyGhaut
917,5,2023-02-12,433,BloodBank@Woodlands
918,6,2022-02-07,448,BloodBank@DhobyGhaut
919,3,2021-08-30,356,BloodBank@DhobyGhaut
920,4,2023-03-08,404,BloodBank@Outram
921,3,2021-03-31,375,BloodBank@Outram
922,3,2022-09-27,352,BloodBank@Outram
923,4,2020-03-05,352,BloodBank@Woodlands
924,3,2021-02-26,360,BloodBank@Woodlands
925,7,2021-10-30,360,BloodBank@DhobyGhaut
926,4,2022-06-03,422,BloodBank@DhobyGhaut
927,4,2021-11-05,438,BloodBank@WestgateTower
928,2,2021-11-27,414,BloodBank@Outram
929,2,2020-11-26,428,BloodBank@Outram
930,1,2022-01-21,352,BloodBank@Woodlands
931,1,2022-06-06,386,BloodBank@DhobyGhaut
932,8,2022-08-04,421,BloodBank@DhobyGhaut
933,7,2020-10-28,387,BloodBank@WestgateTower
934,7,2022-09-18,370,BloodBank@DhobyGhaut
935,5,2020-01-13,447,BloodBank@DhobyGhaut
936,8,2022-12-02,427,BloodBank@Woodlands
937,10,2020-01-26,413,BloodBank@Outram
938,10,2021-02-23,402,BloodBank@Woodlands
939,3,2022-11-24,372,BloodBank@Woodlands
940,7,2020-12-13,441,BloodBank@Woodlands
941,10,2022-05-17,387,BloodBank@Outram
942,10,2022-07-11,372,BloodBank@DhobyGhaut
943,2,2021-04-16,403,BloodBank@Woodlands
944,2,2020-04-26,423,BloodBank@Woodlands
945,6,2022-05-23,397,BloodBank@WestgateTower
946,5,2021-03-07,365,BloodBank@Outram
947,1,2021-10-15,433,BloodBank@Woodlands
948,8,2021-08-25,363,BloodBank@DhobyGhaut
949,8,2020-01-28,354,BloodBank@Woodlands
950,6,2022-05-28,413,BloodBank@Woodlands
951,10,2023-01-20,395,BloodBank@WestgateTower
952,9,2020-10-16,450,BloodBank@WestgateTower
953,3,2022-04-17,444,BloodBank@DhobyGhaut
954,9,2022-05-08,390,BloodBank@DhobyGhaut
955,3,2022-01-12,372,BloodBank@WestgateTower
956,4,2020-06-30,385,BloodBank@DhobyGhaut
957,9,2020-02-10,366,BloodBank@Outram
958,9,2022-08-22,402,BloodBank@WestgateTower
959,1,2020-01-13,415,BloodBank@Woodlands
960,2,2020-08-16,397,BloodBank@Woodlands
961,8,2022-04-02,395,BloodBank@Woodlands
962,9,2021-05-29,358,BloodBank@DhobyGhaut
963,10,2020-09-21,435,BloodBank@WestgateTower
964,10,2020-04-26,355,BloodBank@WestgateTower
965,5,2021-01-11,362,BloodBank@Outram
966,7,2022-02-08,352,BloodBank@Outram
967,10,2022-06-29,393,BloodBank@Woodlands
968,5,2023-02-15,404,BloodBank@Woodlands
969,9,2020-10-26,406,BloodBank@Woodlands
970,1,2020-11-05,354,BloodBank@DhobyGhaut
971,10,2020-08-25,387,BloodBank@Woodlands
972,7,2020-09-24,401,BloodBank@Woodlands
973,5,2020-09-06,354,BloodBank@DhobyGhaut
974,5,2023-02-02,432,BloodBank@DhobyGhaut
975,8,2021-08-19,399,BloodBank@WestgateTower
976,8,2022-11-27,395,BloodBank@WestgateTower
977,2,2020-02-24,426,BloodBank@Woodlands
978,4,2022-01-06,356,BloodBank@Outram
979,8,2020-12-16,362,BloodBank@Outram
980,7,2021-09-14,409,BloodBank@DhobyGhaut
981,4,2022-08-22,406,BloodBank@Outram
982,1,2020-12-12,352,BloodBank@DhobyGhaut
983,10,2021-01-16,418,BloodBank@Outram
984,10,2021-01-21,396,BloodBank@Outram
985,6,2021-05-20,436,BloodBank@DhobyGhaut
986,10,2020-01-14,387,BloodBank@Outram
987,6,2020-08-14,367,BloodBank@Woodlands
988,10,2020-11-24,367,BloodBank@Woodlands
989,6,2022-08-14,449,BloodBank@Outram
990,10,2022-02-06,450,BloodBank@Outram
991,2,2023-02-04,435,BloodBank@Outram
992,7,2021-02-08,429,BloodBank@Woodlands
993,5,2021-04-30,449,BloodBank@Woodlands
994,2,2021-01-04,446,BloodBank@DhobyGhaut
995,7,2020-05-30,430,BloodBank@Woodlands
996,1,2021-08-25,415,BloodBank@Woodlands
997,7,2020-12-18,381,BloodBank@Woodlands
998,7,2020-02-14,414,BloodBank@WestgateTower
999,4,2022-12-06,433,BloodBank@WestgateTower
1000,1,2022-05-06,410,BloodBank@DhobyGhaut
